best_validation_return,lag,original_action_switch_rate,original_capped_episodes,original_direction_reversal_rate,original_episodes,original_max_decision_steps,original_noop_fraction,original_paddle_distance_pixels,original_report,original_return,original_win_rate,qualified,seed,status,total_steps,training_action_switch_rate,training_capped_episodes,training_direction_reversal_rate,training_episodes,training_max_decision_steps,training_noop_fraction,training_paddle_distance_pixels,training_report,training_return,training_win_rate
864.0,0,0.3311294168035736,0,0.094965709092994,64,120000,0.19945069474495766,93466.211534217,holdout_original_environment.json,863.671875,0.953125,True,42,target_reached_on_validation,66027520,0.3173805396450279,0,0.0976199548835859,256,30000,0.19947394841216431,96473.60859639943,audit_training_environment.json,860.3828125,0.94140625
863.78125,0,0.5367817495486558,0,0.20391156880709482,64,120000,0.27336008392433797,113156.41451703012,holdout_original_environment.json,864.0,1.0,True,43,target_reached_on_validation,121077760,0.538869880008223,0,0.21246053061224218,256,30000,0.2606921601263949,106097.71561682224,audit_training_environment.json,863.71875,0.99609375
864.0,0,0.6446623094179421,0,0.4180409867499501,64,120000,0.20866241491526352,115370.92796370387,holdout_original_environment.json,864.0,1.0,True,44,target_reached_on_validation,56066048,0.6245151665271969,0,0.40066162655615,256,30000,0.2134997436401672,126866.62596299872,audit_training_environment.json,864.0,1.0
864.0,2,0.7262894208239628,0,0.37198704928140397,64,120000,0.2525982715600632,120142.43713665009,holdout_original_environment.json,861.5,0.921875,True,42,target_reached_on_validation,141262848,0.5932374799345868,0,0.2132591481221352,256,30000,0.3478642227165474,65793.53825904988,audit_training_environment.json,861.9375,0.98828125
864.0,2,0.6272344483762458,0,0.2875336640088029,64,120000,0.23791523668742617,112616.61447772384,holdout_original_environment.json,864.0,1.0,True,43,target_reached_on_validation,241025024,0.5853027308480527,0,0.2569379321603891,256,30000,0.2698681971923359,71137.67842185684,audit_training_environment.json,863.38671875,0.99609375
864.0,2,0.6588492238274727,0,0.4374182029287952,64,120000,0.20014656002120146,131602.41746632755,holdout_original_environment.json,864.0,1.0,True,44,target_reached_on_validation,141017088,0.6430596548497343,0,0.4144705168352073,256,30000,0.19950434821091378,62929.69642527588,audit_training_environment.json,864.0,1.0
864.0,4,0.48458907193823203,0,0.030906105228133196,64,120000,0.5154626835858265,60776.30126880109,holdout_original_environment.json,564.453125,0.046875,True,42,target_reached_on_validation,166166528,0.5250554484989464,0,0.07208607814471193,256,30000,0.545345654135552,72544.06671109423,audit_training_environment.json,863.97265625,0.99609375
864.0,4,0.4675276946656585,0,0.2145594816677198,64,120000,0.2753020152323641,127047.49762606621,holdout_original_environment.json,381.765625,0.0,True,43,target_reached_on_validation,61046784,0.5717366887245072,0,0.32146226808259515,256,30000,0.26952953719829126,116293.45388960093,audit_training_environment.json,863.671875,0.984375
864.0,4,0.606731640191955,0,0.37980262414553234,64,120000,0.20096766891263435,77077.09837716818,holdout_original_environment.json,394.703125,0.0,True,44,target_reached_on_validation,106135552,0.5329921188449842,0,0.2943699480984555,256,30000,0.21086840412873328,132360.6840193011,audit_training_environment.json,864.0,1.0
862.6875,8,0.5314780843997916,0,0.030549917196999656,64,120000,0.5450934921835099,17710.78855496645,holdout_original_environment.json,154.234375,0.0,True,42,target_reached_on_validation,271024128,0.46578716788417696,0,0.04495325853347482,256,30000,0.6413291692711447,57585.420069079846,audit_training_environment.json,858.01171875,0.921875
863.125,8,0.5690790302305166,0,0.12564298365122353,64,120000,0.43329344914251827,35227.763330191374,holdout_original_environment.json,319.078125,0.0,True,43,target_reached_on_validation,246022144,0.6464254675055774,0,0.24945048109802598,256,30000,0.4143247854528458,94473.67260977253,audit_training_environment.json,855.8515625,0.88671875
862.1171875,8,0.6336049581391334,0,0.3017996087254144,64,120000,0.301386551630084,28377.541427522898,holdout_original_environment.json,83.453125,0.0,True,44,target_reached_on_validation,56066048,0.5931522176210761,0,0.34333147952445225,256,30000,0.253339194960289,121907.44641331583,audit_training_environment.json,855.421875,0.90234375
